Experience,Education,Role,Skills_Score,Communication_Score,Location,Gender,Salary
12.8,Bachelor,Manager,6,6,CityA,Other,71770
0.6,Bachelor,Analyst,3,6,CityC,Other,30684
9.0,Bachelor,Engineer,5,9,CityB,Female,47073
1.9,Master,Data Scientist,7,3,CityC,Female,61285
7.6,Bachelor,Data Scientist,8,6,CityC,Male,58372
5.8,Bachelor,Analyst,4,9,CityB,Female,42299
7.4,Bachelor,Manager,4,5,CityC,Other,53157
5.4,PhD,Data Scientist,6,8,CityA,Male,67555
18.3,Bachelor,Manager,6,10,CityB,Other,79161
4.9,Bachelor,Manager,9,9,CityB,Male,64713
17.2,Bachelor,Analyst,9,4,CityB,Female,66727
5.0,Bachelor,Engineer,4,7,CityC,Female,34463
9.1,PhD,Manager,5,4,CityC,Female,73221
4.0,Bachelor,Analyst,3,8,CityB,Male,32864
19.7,Master,Analyst,3,6,CityC,Male,58401
1.4,Master,Analyst,5,10,CityC,Male,40598
10.8,Master,Analyst,7,9,CityC,Other,52210
9.0,Bachelor,Engineer,8,3,CityC,Other,48218
1.4,Master,Analyst,4,3,CityB,Male,36700
9.7,Bachelor,Data Scientist,10,6,CityB,Female,67785
8.6,Bachelor,Senior Engineer,3,4,CityA,Female,56790
2.2,Bachelor,Data Scientist,10,5,CityB,Male,56280
18.5,Bachelor,Data Scientist,4,3,CityC,Other,64911
4.3,Bachelor,Engineer,5,9,CityA,Female,37353
9.1,Bachelor,Data Scientist,10,5,CityA,Female,71441
6.3,Bachelor,Senior Engineer,5,3,CityC,Male,39470
11.4,Bachelor,Engineer,4,9,CityC,Other,49091
5.2,Master,Manager,6,7,CityB,Male,64562
6.3,Master,Engineer,3,10,CityC,Other,42440
18.7,Master,Analyst,8,7,CityA,Female,80343
12.2,PhD,Data Scientist,3,7,CityC,Male,69176
12.1,Master,Analyst,7,10,CityB,Male,58509
5.5,Bachelor,Analyst,7,5,CityC,Female,44214
0.2,Bachelor,Analyst,3,8,CityC,Other,27224
6.2,Master,Engineer,8,6,CityC,Male,53629
11.2,Master,Data Scientist,5,6,CityA,Male,70623
18.6,Master,Analyst,7,5,CityC,Male,67771
9.4,Bachelor,Senior Engineer,8,7,CityA,Male,57084
19.3,Bachelor,Data Scientist,9,8,CityA,Male,87576
11.6,PhD,Engineer,4,9,CityB,Other,62515
19.7,Bachelor,Data Scientist,6,7,CityA,Other,78364
16.1,Master,Analyst,8,9,CityA,Other,77396
13.3,Bachelor,Manager,7,9,CityB,Female,75727
3.8,Master,Senior Engineer,5,7,CityB,Other,54667
4.2,Master,Data Scientist,8,10,CityB,Female,66149
15.9,PhD,Analyst,4,7,CityC,Other,65379
16.4,Master,Manager,6,6,CityA,Male,84073
9.1,Master,Data Scientist,6,9,CityB,Female,63319
0.1,Master,Engineer,9,6,CityA,Other,48247
5.0,Master,Senior Engineer,5,10,CityC,Other,56565
10.1,Master,Data Scientist,10,5,CityC,Female,72614
16.8,Bachelor,Data Scientist,10,6,CityB,Female,77155
5.4,Bachelor,Data Scientist,4,5,CityA,Male,51889
4.3,Bachelor,Manager,10,9,CityA,Male,70756
15.4,PhD,Engineer,9,10,CityA,Female,76400
17.8,Master,Data Scientist,6,10,CityA,Female,82359
6.7,Master,Senior Engineer,5,10,CityA,Other,61936
11.8,Master,Engineer,9,5,CityB,Male,59472
4.2,Bachelor,Senior Engineer,7,9,CityB,Male,52191
1.0,PhD,Analyst,4,3,CityA,Male,40952
13.4,Bachelor,Analyst,10,7,CityB,Male,68657
3.3,Bachelor,Data Scientist,3,7,CityC,Other,48811
18.8,Bachelor,Data Scientist,6,4,CityC,Female,77711
2.4,PhD,Engineer,8,9,CityC,Female,48775
9.8,Bachelor,Manager,10,5,CityB,Male,66030
10.8,Bachelor,Senior Engineer,7,8,CityA,Male,62128
15.0,Bachelor,Senior Engineer,8,3,CityB,Female,65921
16.0,Bachelor,Data Scientist,7,3,CityC,Male,70256
13.8,Master,Senior Engineer,10,3,CityA,Female,72551
6.1,Bachelor,Senior Engineer,8,9,CityC,Other,53719
5.4,Bachelor,Engineer,6,8,CityA,Other,46876
3.7,Bachelor,Senior Engineer,7,7,CityA,Male,51409
6.0,Master,Analyst,7,3,CityA,Other,54370
2.1,Bachelor,Manager,10,10,CityB,Female,67496
16.4,Bachelor,Engineer,3,5,CityA,Other,52167
8.3,Bachelor,Data Scientist,6,9,CityB,Female,58415
8.6,Bachelor,Engineer,4,6,CityC,Male,41581
4.8,Bachelor,Analyst,3,9,CityB,Other,38381
4.6,Master,Senior Engineer,4,6,CityB,Other,53256
4.0,Bachelor,Analyst,5,7,CityA,Male,44283
18.4,Bachelor,Senior Engineer,7,9,CityB,Other,74465
12.0,Master,Manager,7,3,CityA,Male,83364
20.0,Master,Manager,3,5,CityB,Other,87790
3.6,Bachelor,Senior Engineer,4,10,CityB,Female,43799
17.2,Bachelor,Senior Engineer,7,9,CityC,Male,70960
6.5,PhD,Senior Engineer,3,10,CityB,Male,56230
15.1,Master,Engineer,6,7,CityC,Male,66067
14.0,Bachelor,Data Scientist,6,5,CityB,Other,63272
4.5,Master,Engineer,10,4,CityC,Male,52720
10.2,Bachelor,Senior Engineer,10,6,CityB,Other,64040
12.0,Master,Analyst,4,7,CityB,Female,59040
16.4,Bachelor,Manager,10,5,CityB,Other,81979
15.3,Bachelor,Manager,6,6,CityC,Female,65840
0.9,Master,Senior Engineer,9,5,CityB,Male,53888
16.9,Bachelor,Senior Engineer,3,5,CityB,Other,63821
12.5,Bachelor,Engineer,8,9,CityB,Other,63928
17.4,Bachelor,Engineer,6,7,CityA,Other,68125
2.0,Bachelor,Manager,3,3,CityB,Male,43798
2.9,Bachelor,Data Scientist,5,5,CityA,Male,51762
13.7,Bachelor,Data Scientist,5,6,CityB,Other,63849
0.2,Master,Manager,5,4,CityB,Female,51981
20.0,Master,Engineer,6,9,CityC,Female,71622
11.3,Master,Engineer,10,7,CityA,Other,69439
3.8,Bachelor,Analyst,4,3,CityB,Female,31418
2.6,PhD,Manager,9,5,CityA,Male,70014
5.5,Bachelor,Senior Engineer,7,8,CityA,Female,52949
0.3,Bachelor,Senior Engineer,8,7,CityC,Female,44319
0.5,Master,Data Scientist,8,6,CityC,Male,57050
14.0,Master,Engineer,5,3,CityA,Female,56548
7.8,Bachelor,Data Scientist,9,5,CityB,Other,60158
8.2,PhD,Engineer,8,6,CityB,Female,71628
7.2,Bachelor,Analyst,4,10,CityA,Other,41690
19.4,Bachelor,Manager,6,5,CityC,Male,75677
17.4,Bachelor,Analyst,3,7,CityA,Male,58627
2.2,Master,Analyst,3,8,CityA,Other,39201
1.0,Master,Data Scientist,4,4,CityB,Female,51439
2.2,Bachelor,Data Scientist,3,7,CityB,Other,44619
13.7,Bachelor,Senior Engineer,4,4,CityB,Other,56478
12.5,Bachelor,Manager,9,7,CityB,Other,75852
14.0,Master,Data Scientist,6,9,CityB,Male,71929
8.0,Master,Manager,9,8,CityC,Female,72236
18.5,Bachelor,Engineer,4,9,CityA,Other,68779
11.1,Bachelor,Data Scientist,8,4,CityB,Female,61937
1.0,Bachelor,Manager,8,4,CityC,Other,49193
4.5,Bachelor,Data Scientist,8,4,CityB,Other,54281
11.2,Master,Data Scientist,3,7,CityA,Male,60388
18.4,Bachelor,Analyst,5,9,CityA,Male,59625
7.5,Bachelor,Analyst,8,7,CityC,Female,53044
1.7,Bachelor,Analyst,3,4,CityB,Female,32170
8.8,Bachelor,Data Scientist,4,8,CityB,Male,53730
9.7,Master,Engineer,6,9,CityC,Male,53327
5.1,Bachelor,Engineer,10,9,CityA,Male,52069
10.0,Master,Manager,4,9,CityC,Male,65892
1.6,Bachelor,Senior Engineer,9,9,CityB,Male,52238
7.2,Bachelor,Engineer,6,9,CityC,Female,46504
6.2,Bachelor,Manager,5,4,CityC,Other,51246
18.1,Bachelor,Analyst,6,4,CityA,Female,59231
15.2,Master,Analyst,10,10,CityC,Other,68332
11.3,Master,Data Scientist,8,8,CityA,Female,71966
6.1,Bachelor,Engineer,8,4,CityB,Female,46887
16.6,Bachelor,Engineer,9,10,CityC,Other,67354
12.1,Bachelor,Engineer,10,4,CityB,Other,54104
0.8,Master,Senior Engineer,5,8,CityB,Female,45630
13.6,Bachelor,Manager,4,8,CityA,Other,70682
14.5,Master,Data Scientist,5,8,CityA,Other,71910
13.2,Bachelor,Engineer,7,9,CityC,Female,62186
16.6,Master,Data Scientist,4,9,CityC,Female,69812
19.0,Bachelor,Senior Engineer,6,6,CityA,Male,69913
15.3,Bachelor,Senior Engineer,5,5,CityA,Other,72756
3.3,Bachelor,Senior Engineer,8,6,CityB,Other,47548
9.0,Bachelor,Manager,10,6,CityB,Other,71225
7.6,Bachelor,Analyst,6,5,CityB,Male,51671
11.1,Bachelor,Data Scientist,4,7,CityA,Male,58923
18.9,Bachelor,Senior Engineer,8,3,CityB,Male,72998
7.7,Bachelor,Analyst,3,8,CityA,Other,47249
2.8,Bachelor,Senior Engineer,5,10,CityB,Other,39588
11.0,Master,Data Scientist,9,4,CityB,Male,72425
8.4,Master,Senior Engineer,4,4,CityB,Other,56104
11.5,Master,Manager,9,3,CityC,Female,73461
13.3,Bachelor,Manager,4,3,CityB,Female,60618
7.5,Master,Manager,4,8,CityA,Other,66152
11.6,Master,Analyst,3,8,CityC,Female,53355
15.6,Bachelor,Senior Engineer,5,5,CityA,Other,68521
5.9,Bachelor,Analyst,3,8,CityB,Other,36012
9.5,Bachelor,Analyst,7,8,CityA,Other,53262
7.4,Master,Senior Engineer,9,8,CityA,Female,69662
15.9,Bachelor,Engineer,9,4,CityB,Other,62667
6.6,Bachelor,Senior Engineer,9,5,CityC,Female,56602
17.4,Bachelor,Senior Engineer,7,3,CityA,Other,72711
16.0,Master,Engineer,5,10,CityA,Male,64885
11.3,Master,Senior Engineer,8,8,CityB,Male,70758
8.0,Master,Analyst,4,3,CityC,Male,45491
11.2,Bachelor,Manager,10,6,CityC,Female,72014
1.5,Bachelor,Senior Engineer,4,8,CityC,Female,43646
5.8,Bachelor,Analyst,5,8,CityC,Male,39261
2.8,Master,Engineer,8,8,CityB,Other,45486
14.3,Bachelor,Senior Engineer,9,4,CityA,Female,72781
13.6,Bachelor,Data Scientist,5,5,CityB,Other,62616
3.3,Bachelor,Analyst,8,7,CityA,Female,43354
12.3,Bachelor,Analyst,5,5,CityC,Other,52825
16.9,Bachelor,Engineer,4,3,CityC,Other,52315
11.4,Master,Engineer,10,7,CityC,Female,64150
13.7,Bachelor,Engineer,3,5,CityB,Female,48948
12.1,Bachelor,Manager,8,9,CityA,Female,75736
4.8,Bachelor,Senior Engineer,6,5,CityA,Male,49946
12.3,Bachelor,Analyst,8,8,CityA,Male,60431
10.0,Bachelor,Engineer,4,9,CityC,Female,45702
9.9,Master,Senior Engineer,7,3,CityA,Female,62788
7.3,Bachelor,Engineer,9,3,CityC,Other,45932
1.5,Bachelor,Data Scientist,7,4,CityA,Male,49587
6.8,PhD,Analyst,6,9,CityC,Male,54067
9.1,Master,Data Scientist,5,8,CityC,Female,65407
6.7,Master,Data Scientist,10,7,CityB,Male,68472
19.6,Bachelor,Engineer,10,7,CityC,Other,73334
11.7,Bachelor,Data Scientist,9,5,CityC,Male,67920
13.8,Bachelor,Data Scientist,10,3,CityC,Male,73418
20.0,Bachelor,Senior Engineer,8,5,CityB,Other,75243
15.4,Master,Manager,10,6,CityA,Female,88485
19.5,Bachelor,Manager,6,10,CityB,Female,83342
2.4,Master,Senior Engineer,9,8,CityA,Female,63777
4.3,Master,Manager,7,5,CityA,Other,66579
1.0,PhD,Analyst,6,3,CityA,Female,45344
13.6,Bachelor,Data Scientist,5,9,CityC,Female,65755
19.3,Bachelor,Engineer,4,6,CityC,Other,61528
17.6,Bachelor,Engineer,9,10,CityA,Other,71791
19.7,Bachelor,Data Scientist,10,5,CityC,Female,76934
6.6,Master,Manager,5,3,CityC,Female,63862
15.1,Bachelor,Senior Engineer,9,8,CityA,Female,75718
2.8,Bachelor,Analyst,3,7,CityB,Male,33326
6.6,Bachelor,Data Scientist,3,7,CityC,Female,51457
2.4,Bachelor,Senior Engineer,7,4,CityC,Female,45725
19.1,Bachelor,Senior Engineer,8,9,CityC,Other,80366
11.9,Master,Data Scientist,10,8,CityA,Other,83448
10.7,Bachelor,Data Scientist,10,4,CityC,Male,71233
18.0,Bachelor,Engineer,10,5,CityC,Female,68264
9.2,Master,Engineer,9,7,CityA,Other,60733
8.5,Master,Data Scientist,3,4,CityB,Male,56413
2.7,Master,Senior Engineer,8,9,CityB,Female,55532
13.2,Bachelor,Manager,4,5,CityC,Female,64845
4.5,Bachelor,Engineer,7,10,CityC,Other,45238
16.5,Bachelor,Manager,5,7,CityA,Other,77391
18.7,Master,Analyst,6,4,CityA,Other,70149
14.8,Bachelor,Analyst,6,3,CityA,Other,62755
11.5,Master,Manager,6,7,CityA,Other,74936
5.5,Bachelor,Data Scientist,5,9,CityC,Female,50192
12.9,Bachelor,Data Scientist,8,9,CityB,Male,70588
10.8,Bachelor,Analyst,7,5,CityB,Male,62666
11.1,Bachelor,Analyst,7,6,CityB,Other,49712
7.4,Bachelor,Analyst,3,7,CityB,Other,41162
1.5,Master,Data Scientist,6,10,CityA,Female,56418
14.8,Master,Senior Engineer,6,6,CityB,Male,71393
7.6,Bachelor,Manager,7,7,CityB,Other,67589
16.1,Master,Manager,6,8,CityB,Female,80809
14.4,Bachelor,Analyst,8,6,CityB,Other,64026
13.1,Master,Manager,10,10,CityB,Male,86499
2.8,Bachelor,Analyst,3,3,CityA,Other,28648
1.4,Bachelor,Analyst,10,8,CityA,Other,47635
14.4,Bachelor,Manager,3,9,CityA,Male,73623
4.8,Master,Manager,8,7,CityB,Male,65600
11.3,PhD,Analyst,7,4,CityC,Other,63423
7.6,Bachelor,Engineer,3,5,CityA,Female,46905
6.6,PhD,Engineer,3,6,CityA,Other,54702
0.9,Bachelor,Manager,3,5,CityB,Male,49368
8.0,Bachelor,Analyst,6,9,CityC,Other,43956
2.8,PhD,Engineer,8,3,CityA,Female,52208
12.1,Master,Data Scientist,9,8,CityA,Other,79074
18.8,Bachelor,Data Scientist,9,4,CityC,Female,84546
1.6,Bachelor,Analyst,9,8,CityB,Male,43208
2.0,Bachelor,Senior Engineer,10,9,CityA,Male,52762
11.9,Master,Senior Engineer,3,7,CityB,Female,65571
11.2,PhD,Analyst,5,9,CityA,Male,61674
2.9,Bachelor,Manager,9,7,CityB,Male,63104
12.3,Bachelor,Analyst,7,3,CityB,Female,56785
17.2,Bachelor,Senior Engineer,5,7,CityB,Other,70704
13.9,Bachelor,Data Scientist,6,8,CityB,Female,71533
2.3,Bachelor,Data Scientist,5,3,CityC,Female,48834
16.0,Master,Engineer,9,10,CityA,Other,72642
3.1,Bachelor,Senior Engineer,4,10,CityC,Female,45559
18.5,Master,Senior Engineer,3,8,CityC,Other,75390
2.2,Bachelor,Manager,5,3,CityC,Other,50321
15.1,PhD,Senior Engineer,4,3,CityA,Female,66498
11.2,Master,Analyst,10,8,CityB,Female,69206
10.0,Bachelor,Engineer,10,4,CityB,Female,63318
7.0,Bachelor,Analyst,10,8,CityB,Male,53450
6.4,Bachelor,Engineer,3,8,CityC,Male,39690
19.7,Bachelor,Analyst,5,8,CityC,Female,65621
8.1,Bachelor,Senior Engineer,9,3,CityC,Other,62232
8.6,Bachelor,Analyst,6,7,CityC,Male,49385
10.7,Bachelor,Analyst,10,4,CityB,Other,62001
12.8,Bachelor,Data Scientist,9,4,CityB,Female,75847
16.3,Master,Manager,4,5,CityB,Male,73426
7.5,Bachelor,Senior Engineer,9,5,CityC,Female,57978
10.7,PhD,Analyst,5,10,CityB,Male,65619
19.0,Bachelor,Analyst,9,10,CityB,Other,71353
8.9,Bachelor,Data Scientist,3,6,CityB,Male,51844
3.4,Bachelor,Senior Engineer,4,4,CityB,Other,45727
16.5,Bachelor,Senior Engineer,6,9,CityA,Other,78081
6.0,PhD,Senior Engineer,7,8,CityA,Female,69031
14.8,Master,Data Scientist,9,5,CityC,Male,82356
10.6,Bachelor,Analyst,8,7,CityB,Other,50936
16.6,Master,Senior Engineer,10,5,CityC,Other,77367
9.0,Master,Engineer,9,7,CityC,Female,58544
11.6,Master,Engineer,10,8,CityA,Other,71708
6.5,Bachelor,Data Scientist,5,10,CityB,Other,60726
0.3,PhD,Analyst,10,10,CityA,Female,52530
2.6,Master,Analyst,7,4,CityC,Female,41854
18.1,Bachelor,Senior Engineer,7,6,CityB,Other,70550
11.9,Bachelor,Senior Engineer,3,3,CityC,Female,51889
1.4,Bachelor,Engineer,4,8,CityB,Female,35603
19.9,Bachelor,Data Scientist,3,5,CityB,Female,73427
3.0,Bachelor,Senior Engineer,6,4,CityA,Male,51665
7.7,PhD,Manager,5,6,CityB,Other,64758
12.0,Master,Engineer,7,6,CityC,Other,59194
5.9,Bachelor,Analyst,10,9,CityA,Male,55344
10.6,PhD,Manager,8,5,CityB,Other,78502
3.5,Bachelor,Engineer,3,4,CityA,Female,39085
5.7,Master,Senior Engineer,9,9,CityA,Other,66540
5.5,Bachelor,Data Scientist,6,5,CityC,Female,52212
16.7,Master,Engineer,7,9,CityC,Male,66933
12.2,Bachelor,Analyst,4,3,CityC,Male,48040
